id,name,price,short_description,description,rating_average,review_count,image_base_url,image_large_url,image_medium_url,image_small_url,image_thumbnail_url,stock,quantity_sold
273305179,HBR Guide to Finance Basics for Managers,439000,DON’T LET YOUR FEAR OF FINANCE GET IN THE WAY OF YOUR SUCCESSCan you prepare a breakeven analysis? Do you know the difference between an income statement and a balance sheet? Or understand why a busi...,"DON’T LET YOUR FEAR OF FINANCE GET IN THE WAY OF YOUR SUCCESS Can you prepare a breakeven analysis? Do you know the difference between an income statement and a balance sheet? Or understand why a business that’s profitable can still go belly-up? Has your grasp of your company’s numbers helped―or hurt―your career? Whether you’re new to finance or you just need a refresher, this go-to guide will give you the tools and confidence you need to master the fundamentals, as all good managers must. The HBR Guide to Finance Basics for Managers will help you: Learn the language of finance Compare your firm’s financials with rivals’ Shift your team’s focus from revenues to profits Assess your vulnerability to industry downturns Use financial data to defend budget requests Invest smartly through cost/benefit analysis Giá sản phẩm trên Tiki đã bao gồm thuế theo luật hiện hành. Bên cạnh đó, tuỳ vào loại sản phẩm, hình thức và địa chỉ giao hàng mà có thể phát sinh thêm chi phí khác như phí vận chuyển, phụ phí hàng cồng kềnh, thuế nhập khẩu (đối với đơn hàng giao từ nước ngoài có giá trị trên 1 triệu đồng).....",0,0,https://salt.tikicdn.com/ts/product/8d/14/7c/07c30c0d502b80e5d4c3ec806184e2ee.jpg,https://salt.tikicdn.com/cache/w1200/ts/product/8d/14/7c/07c30c0d502b80e5d4c3ec806184e2ee.jpg,https://salt.tikicdn.com/cache/w300/ts/product/8d/14/7c/07c30c0d502b80e5d4c3ec806184e2ee.jpg,https://salt.tikicdn.com/cache/200x280/ts/product/8d/14/7c/07c30c0d502b80e5d4c3ec806184e2ee.jpg,https://salt.tikicdn.com/cache/200x280/ts/product/8d/14/7c/07c30c0d502b80e5d4c3ec806184e2ee.jpg,1000,0
271807492,Algorithmic trading theory and practice - A practical guide with applications on the Vietnamese stock market,721000,You have profitable trading strategies in place and tested in the market for years but too time-consuming to execute. Do you like to completely automate this process to spend your time on more importa...,"You have profitable trading strategies in place and tested in the market for years but too time-consuming to execute. Do you like to completely automate this process to spend your time on more important work? Do you have new trading ideas but are unable to assess their performance in the long term? Do you find potential strategies in testing but end up losing in real trading? Knowing the limitations of AmiBroker, MetaTrader, or TradingView, do you want to develop your own trading system with the capability to deploy a diverse range of trading strategies, including but not limited to technical analysis? Do you want to approach a high-frequency trading system but face too many technical barriers? Are you a fundamental analyst investor looking for technology to optimize the trade execution process in Vietnam? Algorithmic trading theory and practice, a practical guide with applications on the Vietnamese stock market, is a book for you. It covers the entire process of building an algorithmic trading system and a roadmap to turn ideas into real investment strategies, testing, optimizing, and automating the entire execution process. Giá sản phẩm trên Tiki đã bao gồm thuế theo luật hiện hành. Bên cạnh đó, tuỳ vào loại sản phẩm, hình thức và địa chỉ giao hàng mà có thể phát sinh thêm chi phí khác như phí vận chuyển, phụ phí hàng cồng kềnh, thuế nhập khẩu (đối với đơn hàng giao từ nước ngoài có giá trị trên 1 triệu đồng).....",0,0,"https://salt.tikicdn.com/ts/product/23/6d/56/8a479478a26137060ef347d24046356c.jpeg, https://salt.tikicdn.com/ts/product/35/a8/7d/9400595fcbe3ba1eacd849c83c5d341d.jpeg, https://salt.tikicdn.com/ts/product/b6/41/50/8f39ee3b9e8bbe89ce606581fdce0155.jpeg, https://salt.tikicdn.com/ts/product/75/a6/20/bca31e41c253079878f1590e04777007.jpeg","https://salt.tikicdn.com/cache/w1200/ts/product/23/6d/56/8a479478a26137060ef347d24046356c.jpeg, https://salt.tikicdn.com/cache/w1200/ts/product/35/a8/7d/9400595fcbe3ba1eacd849c83c5d341d.jpeg, https://salt.tikicdn.com/cache/w1200/ts/product/b6/41/50/8f39ee3b9e8bbe89ce606581fdce0155.jpeg, https://salt.tikicdn.com/cache/w1200/ts/product/75/a6/20/bca31e41c253079878f1590e04777007.jpeg","https://salt.tikicdn.com/cache/w300/ts/product/23/6d/56/8a479478a26137060ef347d24046356c.jpeg, https://salt.tikicdn.com/cache/w300/ts/product/35/a8/7d/9400595fcbe3ba1eacd849c83c5d341d.jpeg, https://salt.tikicdn.com/cache/w300/ts/product/b6/41/50/8f39ee3b9e8bbe89ce606581fdce0155.jpeg, https://salt.tikicdn.com/cache/w300/ts/product/75/a6/20/bca31e41c253079878f1590e04777007.jpeg","https://salt.tikicdn.com/cache/200x280/ts/product/23/6d/56/8a479478a26137060ef347d24046356c.jpeg, https://salt.tikicdn.com/cache/200x280/ts/product/35/a8/7d/9400595fcbe3ba1eacd849c83c5d341d.jpeg, https://salt.tikicdn.com/cache/200x280/ts/product/b6/41/50/8f39ee3b9e8bbe89ce606581fdce0155.jpeg, https://salt.tikicdn.com/cache/200x280/ts/product/75/a6/20/bca31e41c253079878f1590e04777007.jpeg","https://salt.tikicdn.com/cache/200x280/ts/product/23/6d/56/8a479478a26137060ef347d24046356c.jpeg, https://salt.tikicdn.com/cache/200x280/ts/product/35/a8/7d/9400595fcbe3ba1eacd849c83c5d341d.jpeg, https://salt.tikicdn.com/cache/200x280/ts/product/b6/41/50/8f39ee3b9e8bbe89ce606581fdce0155.jpeg, https://salt.tikicdn.com/cache/200x280/ts/product/75/a6/20/bca31e41c253079878f1590e04777007.jpeg",1000,0
262739641,We Need to Talk About Money,289000,"Quy cách: Bìa mềmNgôn ngữ: tiếng Anh####An extraordinarily candid personal account of the ups and downs wrought by money, We Need To Talk About Money is a vital exploration of stories and issues th...","Quy cách : Bìa mềm Ngôn ngữ : tiếng Anh #### An extraordinarily candid personal account of the ups and downs wrought by money, We Need To Talk About Money is a vital exploration of stories and issues that will be familiar to most. This is a book about toxic workplaces and misogynist men, about getting payrises and getting evicted. About class and privilege and racism and beauty. About shame and pride, compulsion and fear. In unpicking the shroud of secrecy surrounding money – who has it, how they got it, and how it shapes our lives – this boldly honest account of one woman’s journey upturns countless social conventions, and uncovers some startling truths about our complex relationships with money in the process. Giá sản phẩm trên Tiki đã bao gồm thuế theo luật hiện hành. Bên cạnh đó, tuỳ vào loại sản phẩm, hình thức và địa chỉ giao hàng mà có thể phát sinh thêm chi phí khác như phí vận chuyển, phụ phí hàng cồng kềnh, thuế nhập khẩu (đối với đơn hàng giao từ nước ngoài có giá trị trên 1 triệu đồng).....",0,0,https://salt.tikicdn.com/ts/product/e7/af/b0/54558365d38ecacf5d1b0758264e702a.jpg,https://salt.tikicdn.com/cache/w1200/ts/product/e7/af/b0/54558365d38ecacf5d1b0758264e702a.jpg,https://salt.tikicdn.com/cache/w300/ts/product/e7/af/b0/54558365d38ecacf5d1b0758264e702a.jpg,https://salt.tikicdn.com/cache/200x280/ts/product/e7/af/b0/54558365d38ecacf5d1b0758264e702a.jpg,https://salt.tikicdn.com/cache/200x280/ts/product/e7/af/b0/54558365d38ecacf5d1b0758264e702a.jpg,1000,0
249946760,The Lies about Money,339000,"Ric Edelman has helped more people achieve financial success than any other practicing financial advisor. Now, Ric reveals the deceptive and manipulative business practices occurring in your retail mu...","Ric Edelman has helped more people achieve financial success than any other practicing financial advisor. Now, Ric reveals the deceptive and manipulative business practices occurring in your retail mutual funds--practices that are causing you to suffer higher fees, greater risks, and lower returns than you realize. In The Lies About Money, he offers you a detailed yet easy-to-follow plan that lets you take back control of your investments--and your financial future. Here, Ric shares his most valuable lessons gained through two decades of working directly with individuals and families. He reveals the lies that have infiltrated your retail mutual funds and retirement accounts and teaches you how to invest your money in your employer retirement plan; how to save for college; and for those who are retired, how to generate more income without sacrificing security. He shows you that proper money management has nothing to do with ""hot tips"" and everything to do with scientific analysis, bolstered by solid academic research and historical data. Along the way, Ric shows you the secrets to investment success--a long-term focus, the importance of diversification, and the crucial need for (and methods of) portfolio rebalancing. With insight and strategies that will change people's lives, The Lies About Money offers the truth that everyone is looking for. Giá sản phẩm trên Tiki đã bao gồm thuế theo luật hiện hành. Bên cạnh đó, tuỳ vào loại sản phẩm, hình thức và địa chỉ giao hàng mà có thể phát sinh thêm chi phí khác như phí vận chuyển, phụ phí hàng cồng kềnh, thuế nhập khẩu (đối với đơn hàng giao từ nước ngoài có giá trị trên 1 triệu đồng).....",0,0,https://salt.tikicdn.com/ts/product/b3/6c/bc/133beb99b43d6e8d6edd38254ccf542f.jpg,https://salt.tikicdn.com/cache/w1200/ts/product/b3/6c/bc/133beb99b43d6e8d6edd38254ccf542f.jpg,https://salt.tikicdn.com/cache/w300/ts/product/b3/6c/bc/133beb99b43d6e8d6edd38254ccf542f.jpg,https://salt.tikicdn.com/cache/200x280/ts/product/b3/6c/bc/133beb99b43d6e8d6edd38254ccf542f.jpg,https://salt.tikicdn.com/cache/200x280/ts/product/b3/6c/bc/133beb99b43d6e8d6edd38254ccf542f.jpg,1000,0
197687708,Billion Dollar Loser: The Epic Rise And Spectacular Fall Of Adam Neumann And WeWork,358200,"    Billion Dollar Loser: The Epic Rise And Spectacular Fall Of Adam Neumann And WeWork   A Wall Street Journal Business Bestseller: This ""vivid"" inside story of WeWork and its CEO tells the remar...","Billion Dollar Loser: The Epic Rise And Spectacular Fall Of Adam Neumann And WeWork A Wall Street Journal Business Bestseller: This ""vivid"" inside story of WeWork and its CEO tells the remarkable saga of one of the most audacious, and improbable, rises and falls in American business history (Ken Auletta). Christened a potential savior of Silicon Valley's startup culture, Adam Neumann was set to take WeWork, his office share company disrupting the commercial real estate market, public, cash out on the company's forty-seven billion dollar valuation, and break the string of major startups unable to deliver to shareholders. But as employees knew, and investors soon found out, WeWork's capital was built on promises that the company was more than a real estate purveyor, that in fact it was a transformational technology company. Veteran journalist Reeves Weideman dives deep into WeWork and it CEO's astronomical rise, from the marijuana and tequila-filled board rooms to cult-like company summer camps and consciousness-raising with Anthony Kiedis. Billion Dollar Loser is a character-driven business narrative that captures, through the fascinating psyche of a billionaire founder and his wife and co-founder, the slippery state of global capitalism. A Wall Street Journal Business Bestseller “Vivid, carefully reported drama that readers will gulp down as if it were a fast-paced novel” (Ken Auletta) Giá sản phẩm trên Tiki đã bao gồm thuế theo luật hiện hành. Bên cạnh đó, tuỳ vào loại sản phẩm, hình thức và địa chỉ giao hàng mà có thể phát sinh thêm chi phí khác như phí vận chuyển, phụ phí hàng cồng kềnh, thuế nhập khẩu (đối với đơn hàng giao từ nước ngoài có giá trị trên 1 triệu đồng).....",0,0,"https://salt.tikicdn.com/ts/product/24/db/a1/516402602a66815e772e60c27618ea54.jpg, https://salt.tikicdn.com/ts/product/27/26/d7/fd4ead17d3be192a51c496006ae86458.png, https://salt.tikicdn.com/ts/product/c6/2f/de/c84140a29edd92714e131ad80e953bbb.png, https://salt.tikicdn.com/ts/product/37/0e/a0/2694acde7a029156d12d4ac7b383f154.png, https://salt.tikicdn.com/ts/product/28/47/6c/0fa3dba32fa70c2e7134f2547e3d0e48.png, https://salt.tikicdn.com/ts/product/01/77/65/cb30d24132d74af756964944fc7ae7f6.png, https://salt.tikicdn.com/ts/product/6c/e7/1b/ce7a610e940710bcd69c18d8a7fe9adc.png, https://salt.tikicdn.com/ts/product/fb/d3/94/ba2cd9bc4f1ba7bee50b56d7f9dd1fa5.png, https://salt.tikicdn.com/ts/product/a0/0d/ba/82ac82b123717ce2c80e21f6cc151f38.png, https://salt.tikicdn.com/ts/product/c2/0d/8e/15c59d306698f240129dbe9bec978b60.png, https://salt.tikicdn.com/ts/product/69/8f/c2/5ac5c192df4419655170f978d626e29a.png, https://salt.tikicdn.com/ts/product/23/56/a2/1b885ee55ce4e26f887b626318237c3f.png, https://salt.tikicdn.com/ts/product/cb/e1/38/0fdb04219511dc2da9f8784c14b94d19.png","https://salt.tikicdn.com/cache/w1200/ts/product/24/db/a1/516402602a66815e772e60c27618ea54.jpg, https://salt.tikicdn.com/cache/w1200/ts/product/27/26/d7/fd4ead17d3be192a51c496006ae86458.png, https://salt.tikicdn.com/cache/w1200/ts/product/c6/2f/de/c84140a29edd92714e131ad80e953bbb.png, https://salt.tikicdn.com/cache/w1200/ts/product/37/0e/a0/2694acde7a029156d12d4ac7b383f154.png, https://salt.tikicdn.com/cache/w1200/ts/product/28/47/6c/0fa3dba32fa70c2e7134f2547e3d0e48.png, https://salt.tikicdn.com/cache/w1200/ts/product/01/77/65/cb30d24132d74af756964944fc7ae7f6.png, https://salt.tikicdn.com/cache/w1200/ts/product/6c/e7/1b/ce7a610e940710bcd69c18d8a7fe9adc.png, https://salt.tikicdn.com/cache/w1200/ts/product/fb/d3/94/ba2cd9bc4f1ba7bee50b56d7f9dd1fa5.png, https://salt.tikicdn.com/cache/w1200/ts/product/a0/0d/ba/82ac82b123717ce2c80e21f6cc151f38.png, https://salt.tikicdn.com/cache/w1200/ts/product/c2/0d/8e/15c59d306698f240129dbe9bec978b60.png, https://salt.tikicdn.com/cache/w1200/ts/product/69/8f/c2/5ac5c192df4419655170f978d626e29a.png, https://salt.tikicdn.com/cache/w1200/ts/product/23/56/a2/1b885ee55ce4e26f887b626318237c3f.png, https://salt.tikicdn.com/cache/w1200/ts/product/cb/e1/38/0fdb04219511dc2da9f8784c14b94d19.png","https://salt.tikicdn.com/cache/w300/ts/product/24/db/a1/516402602a66815e772e60c27618ea54.jpg, https://salt.tikicdn.com/cache/w300/ts/product/27/26/d7/fd4ead17d3be192a51c496006ae86458.png, https://salt.tikicdn.com/cache/w300/ts/product/c6/2f/de/c84140a29edd92714e131ad80e953bbb.png, https://salt.tikicdn.com/cache/w300/ts/product/37/0e/a0/2694acde7a029156d12d4ac7b383f154.png, https://salt.tikicdn.com/cache/w300/ts/product/28/47/6c/0fa3dba32fa70c2e7134f2547e3d0e48.png, https://salt.tikicdn.com/cache/w300/ts/product/01/77/65/cb30d24132d74af756964944fc7ae7f6.png, https://salt.tikicdn.com/cache/w300/ts/product/6c/e7/1b/ce7a610e940710bcd69c18d8a7fe9adc.png, https://salt.tikicdn.com/cache/w300/ts/product/fb/d3/94/ba2cd9bc4f1ba7bee50b56d7f9dd1fa5.png, https://salt.tikicdn.com/cache/w300/ts/product/a0/0d/ba/82ac82b123717ce2c80e21f6cc151f38.png, https://salt.tikicdn.com/cache/w300/ts/product/c2/0d/8e/15c59d306698f240129dbe9bec978b60.png, https://salt.tikicdn.com/cache/w300/ts/product/69/8f/c2/5ac5c192df4419655170f978d626e29a.png, https://salt.tikicdn.com/cache/w300/ts/product/23/56/a2/1b885ee55ce4e26f887b626318237c3f.png, https://salt.tikicdn.com/cache/w300/ts/product/cb/e1/38/0fdb04219511dc2da9f8784c14b94d19.png","https://salt.tikicdn.com/cache/200x280/ts/product/24/db/a1/516402602a66815e772e60c27618ea54.jpg, https://salt.tikicdn.com/cache/200x280/ts/product/27/26/d7/fd4ead17d3be192a51c496006ae86458.png, https://salt.tikicdn.com/cache/200x280/ts/product/c6/2f/de/c84140a29edd92714e131ad80e953bbb.png, https://salt.tikicdn.com/cache/200x280/ts/product/37/0e/a0/2694acde7a029156d12d4ac7b383f154.png, https://salt.tikicdn.com/cache/200x280/ts/product/28/47/6c/0fa3dba32fa70c2e7134f2547e3d0e48.png, https://salt.tikicdn.com/cache/200x280/ts/product/01/77/65/cb30d24132d74af756964944fc7ae7f6.png, https://salt.tikicdn.com/cache/200x280/ts/product/6c/e7/1b/ce7a610e940710bcd69c18d8a7fe9adc.png, https://salt.tikicdn.com/cache/200x280/ts/product/fb/d3/94/ba2cd9bc4f1ba7bee50b56d7f9dd1fa5.png, https://salt.tikicdn.com/cache/200x280/ts/product/a0/0d/ba/82ac82b123717ce2c80e21f6cc151f38.png, https://salt.tikicdn.com/cache/200x280/ts/product/c2/0d/8e/15c59d306698f240129dbe9bec978b60.png, https://salt.tikicdn.com/cache/200x280/ts/product/69/8f/c2/5ac5c192df4419655170f978d626e29a.png, https://salt.tikicdn.com/cache/200x280/ts/product/23/56/a2/1b885ee55ce4e26f887b626318237c3f.png, https://salt.tikicdn.com/cache/200x280/ts/product/cb/e1/38/0fdb04219511dc2da9f8784c14b94d19.png","https://salt.tikicdn.com/cache/200x280/ts/product/24/db/a1/516402602a66815e772e60c27618ea54.jpg, https://salt.tikicdn.com/cache/200x280/ts/product/27/26/d7/fd4ead17d3be192a51c496006ae86458.png, https://salt.tikicdn.com/cache/200x280/ts/product/c6/2f/de/c84140a29edd92714e131ad80e953bbb.png, https://salt.tikicdn.com/cache/200x280/ts/product/37/0e/a0/2694acde7a029156d12d4ac7b383f154.png, https://salt.tikicdn.com/cache/200x280/ts/product/28/47/6c/0fa3dba32fa70c2e7134f2547e3d0e48.png, https://salt.tikicdn.com/cache/200x280/ts/product/01/77/65/cb30d24132d74af756964944fc7ae7f6.png, https://salt.tikicdn.com/cache/200x280/ts/product/6c/e7/1b/ce7a610e940710bcd69c18d8a7fe9adc.png, https://salt.tikicdn.com/cache/200x280/ts/product/fb/d3/94/ba2cd9bc4f1ba7bee50b56d7f9dd1fa5.png, https://salt.tikicdn.com/cache/200x280/ts/product/a0/0d/ba/82ac82b123717ce2c80e21f6cc151f38.png, https://salt.tikicdn.com/cache/200x280/ts/product/c2/0d/8e/15c59d306698f240129dbe9bec978b60.png, https://salt.tikicdn.com/cache/200x280/ts/product/69/8f/c2/5ac5c192df4419655170f978d626e29a.png, https://salt.tikicdn.com/cache/200x280/ts/product/23/56/a2/1b885ee55ce4e26f887b626318237c3f.png, https://salt.tikicdn.com/cache/200x280/ts/product/cb/e1/38/0fdb04219511dc2da9f8784c14b94d19.png",1000,0
139305537,Kakebo,349000,"kích thước: 144 x 195 x 17.78mm | 431gngông ngữ; tiếng anhControl your spending, save money, regain peace of mind, and make your life happier and healthier with Kakebo-the traditional Japanese metho...","kích thước: 144 x 195 x 17.78mm | 431g ngông ngữ; tiếng anh Control your spending, save money, regain peace of mind, and make your life happier and healthier with Kakebo-the traditional Japanese method of money management that is still widely used today. Having enough money to live is one of the  important factors affecting our health. Trying to balance expenses-utility bills, housing, healthcare, food, and for many, the costs of raising children (not to mention paying for college!)-leaves us worried and stressed. But there is a solution: Kakebo, a practical, proven method that helps you keep track of every penny, manage spending, and save up to thirty percent more! With this invaluable guide you'll interact with your spending every day for two years, and learn how to manage your personal budget. Designed like a diary, it allows you to record all your daily expenses week by week so you can see exactly where your money goes. Each day is divided into four categories: 1. primary needs-food, personal hygiene, children; 2. optional needs-shopping, cosmetics, gifts; 3. culture and free time-restaurants, books, entertainment; and 4. extras/foreseeable expenses-such as travel, repairs, tuition, and taxes. Kakebo begins with setting a monthly budget. At the beginning of each month, enter your fixed incoming funds and outgoing expenses, and set a savings target. Then, each day, record your various expenses. By keeping close tabs on what you're spending, you'll be able to identify the waste and see the most significant areas where adjustments can be made. Kakebo also offers practical and motivating tips that teach you how to save more successfully. Giá sản phẩm trên Tiki đã bao gồm thuế theo luật hiện hành. Bên cạnh đó, tuỳ vào loại sản phẩm, hình thức và địa chỉ giao hàng mà có thể phát sinh thêm chi phí khác như phí vận chuyển, phụ phí hàng cồng kềnh, thuế nhập khẩu (đối với đơn hàng giao từ nước ngoài có giá trị trên 1 triệu đồng).....",0,0,https://salt.tikicdn.com/ts/product/37/45/75/97588dbfe4b3e9411bf96fa661f97b87.jpg,https://salt.tikicdn.com/cache/w1200/ts/product/37/45/75/97588dbfe4b3e9411bf96fa661f97b87.jpg,https://salt.tikicdn.com/cache/w300/ts/product/37/45/75/97588dbfe4b3e9411bf96fa661f97b87.jpg,https://salt.tikicdn.com/cache/200x280/ts/product/37/45/75/97588dbfe4b3e9411bf96fa661f97b87.jpg,https://salt.tikicdn.com/cache/200x280/ts/product/37/45/75/97588dbfe4b3e9411bf96fa661f97b87.jpg,1000,0
131165959,Mind Your Business: A Workbook to Grow Your Creative Passion Into a Full-time Gig,290700,"Want to start your own business, but not sure where to begin?Mind Your Business is the ONLY book that teaches you everything you need to know about how to build a successful business from scratch. Fr...","Want to start your own business, but not sure where to begin? Mind Your Business is the ONLY book that teaches you everything you need to know about how to build a successful business from scratch. From developing your brand to designing products to identifying your legal and tax needs, this comprehensive guide will take you through every step of the process and help you create a unique and customized roadmap for your business. Mind Your Business is for aspiring entrepreneurs who are driven, ambitious, creative, and determined to build a business and life they love. Author Ilana Griffo shares the formula that turned her creative hobby into a six-figure design studio. From initial planning to long-term business strategy, Mind Your Business includes: • Insider tips from successful entrepreneurs • Advice to identify your ideal market and customer • Legal guidelines to protect your ass(ets) • Budget and forecast tools • How to avoid the pitfalls that doom most startups • Guidance on how to scale and grow • Suggestions on how to dominate online platforms • Tips to beat your competitors with SEO and social media Mind Your Business puts you in the driver’s seat. It will help you navigate the journey of starting your first business and take your ambitions and ideas from wishful thinking to successful reality Giá sản phẩm trên Tiki đã bao gồm thuế theo luật hiện hành. Bên cạnh đó, tuỳ vào loại sản phẩm, hình thức và địa chỉ giao hàng mà có thể phát sinh thêm chi phí khác như phí vận chuyển, phụ phí hàng cồng kềnh, thuế nhập khẩu (đối với đơn hàng giao từ nước ngoài có giá trị trên 1 triệu đồng).....",0,0,"https://salt.tikicdn.com/ts/product/8d/1f/fc/73c596eb3a8e215e686c49effccc6f83.jpg, https://salt.tikicdn.com/ts/product/41/73/99/03f29d003049c7591362d4a8bb46779c.jpg, https://salt.tikicdn.com/ts/product/13/4f/71/b3166fa199e2af7826a4d5d766ad0e00.jpg","https://salt.tikicdn.com/cache/w1200/ts/product/8d/1f/fc/73c596eb3a8e215e686c49effccc6f83.jpg, https://salt.tikicdn.com/cache/w1200/ts/product/41/73/99/03f29d003049c7591362d4a8bb46779c.jpg, https://salt.tikicdn.com/cache/w1200/ts/product/13/4f/71/b3166fa199e2af7826a4d5d766ad0e00.jpg","https://salt.tikicdn.com/cache/w300/ts/product/8d/1f/fc/73c596eb3a8e215e686c49effccc6f83.jpg, https://salt.tikicdn.com/cache/w300/ts/product/41/73/99/03f29d003049c7591362d4a8bb46779c.jpg, https://salt.tikicdn.com/cache/w300/ts/product/13/4f/71/b3166fa199e2af7826a4d5d766ad0e00.jpg","https://salt.tikicdn.com/cache/200x280/ts/product/8d/1f/fc/73c596eb3a8e215e686c49effccc6f83.jpg, https://salt.tikicdn.com/cache/200x280/ts/product/41/73/99/03f29d003049c7591362d4a8bb46779c.jpg, https://salt.tikicdn.com/cache/200x280/ts/product/13/4f/71/b3166fa199e2af7826a4d5d766ad0e00.jpg","https://salt.tikicdn.com/cache/200x280/ts/product/8d/1f/fc/73c596eb3a8e215e686c49effccc6f83.jpg, https://salt.tikicdn.com/cache/200x280/ts/product/41/73/99/03f29d003049c7591362d4a8bb46779c.jpg, https://salt.tikicdn.com/cache/200x280/ts/product/13/4f/71/b3166fa199e2af7826a4d5d766ad0e00.jpg",1000,0
14016549,Harvard Business Review 20 Minute Manager Series Finance Basics,295800,Intimidated by corporate finance? The numbers (and the jargon) can feel overwhelming--but you have to understand them to manage effectively. Finance Basics explains the fundamentals simply and quickly...,"Intimidated by corporate finance? The numbers (and the jargon) can feel overwhelming--but you have to understand them to manage effectively. Finance Basics explains the fundamentals simply and quickly, introducing you to key terms and concepts such as: How to navigate financial statements How to weigh costs and benefits What's involved in budgeting and forecasting How to gauge a company's financial health Don't have much time? Get up to speed fast on the most essential business skills with HBR's 20-Minute Manager series. Whether you need a crash course or a brief refresher, each book in the series is a concise, practical primer that will help you brush up on a key management topic. Advice you can quickly read and apply, for ambitious professionals and aspiring executives--from the most trusted source in business. Also available as an ebook. Giá sản phẩm trên Tiki đã bao gồm thuế theo luật hiện hành. Bên cạnh đó, tuỳ vào loại sản phẩm, hình thức và địa chỉ giao hàng mà có thể phát sinh thêm chi phí khác như phí vận chuyển, phụ phí hàng cồng kềnh, thuế nhập khẩu (đối với đơn hàng giao từ nước ngoài có giá trị trên 1 triệu đồng).....",5,1,"https://salt.tikicdn.com/ts/product/99/05/d7/e691c72d858e6efb5681160e071b6ac1.jpg, https://salt.tikicdn.com/ts/product/9b/e9/1e/1e130bcd082b2cdf058e400d87282911.png, https://salt.tikicdn.com/ts/product/aa/b1/26/ea317a7148bf5777ddf783fa852772e9.png, https://salt.tikicdn.com/ts/product/ff/b1/ba/dd473154999c9654c1f99e6666afe36e.png, https://salt.tikicdn.com/ts/product/45/3f/ee/2db98aee5ed117902ef51ec42c5f12d0.png, https://salt.tikicdn.com/ts/product/d7/93/a7/80c997e86dba7e098258974726acb61d.png, https://salt.tikicdn.com/ts/product/0e/0b/e2/5a79e9acd3d8bc492e61e85b5e7056a5.png, https://salt.tikicdn.com/ts/product/b5/ae/56/dc4075efed7b005f58f0f5f11a0c04b0.jpg, https://salt.tikicdn.com/ts/product/a2/7e/f9/ea2d88dd0401934a89593ea7a10533ae.png, https://salt.tikicdn.com/ts/product/d5/e7/fa/c702b88e1930461ccb8a3970e07da25c.png, https://salt.tikicdn.com/ts/product/7a/29/d5/7c79f9980c1cd20c612f333656cd547b.png, https://salt.tikicdn.com/ts/product/59/32/9b/2e977c8ccb61fffdce75d8a0c4203b39.png","https://salt.tikicdn.com/cache/w1200/ts/product/99/05/d7/e691c72d858e6efb5681160e071b6ac1.jpg, https://salt.tikicdn.com/cache/w1200/ts/product/9b/e9/1e/1e130bcd082b2cdf058e400d87282911.png, https://salt.tikicdn.com/cache/w1200/ts/product/aa/b1/26/ea317a7148bf5777ddf783fa852772e9.png, https://salt.tikicdn.com/cache/w1200/ts/product/ff/b1/ba/dd473154999c9654c1f99e6666afe36e.png, https://salt.tikicdn.com/cache/w1200/ts/product/45/3f/ee/2db98aee5ed117902ef51ec42c5f12d0.png, https://salt.tikicdn.com/cache/w1200/ts/product/d7/93/a7/80c997e86dba7e098258974726acb61d.png, https://salt.tikicdn.com/cache/w1200/ts/product/0e/0b/e2/5a79e9acd3d8bc492e61e85b5e7056a5.png, https://salt.tikicdn.com/cache/w1200/ts/product/b5/ae/56/dc4075efed7b005f58f0f5f11a0c04b0.jpg, https://salt.tikicdn.com/cache/w1200/ts/product/a2/7e/f9/ea2d88dd0401934a89593ea7a10533ae.png, https://salt.tikicdn.com/cache/w1200/ts/product/d5/e7/fa/c702b88e1930461ccb8a3970e07da25c.png, https://salt.tikicdn.com/cache/w1200/ts/product/7a/29/d5/7c79f9980c1cd20c612f333656cd547b.png, https://salt.tikicdn.com/cache/w1200/ts/product/59/32/9b/2e977c8ccb61fffdce75d8a0c4203b39.png","https://salt.tikicdn.com/cache/w300/ts/product/99/05/d7/e691c72d858e6efb5681160e071b6ac1.jpg, https://salt.tikicdn.com/cache/w300/ts/product/9b/e9/1e/1e130bcd082b2cdf058e400d87282911.png, https://salt.tikicdn.com/cache/w300/ts/product/aa/b1/26/ea317a7148bf5777ddf783fa852772e9.png, https://salt.tikicdn.com/cache/w300/ts/product/ff/b1/ba/dd473154999c9654c1f99e6666afe36e.png, https://salt.tikicdn.com/cache/w300/ts/product/45/3f/ee/2db98aee5ed117902ef51ec42c5f12d0.png, https://salt.tikicdn.com/cache/w300/ts/product/d7/93/a7/80c997e86dba7e098258974726acb61d.png, https://salt.tikicdn.com/cache/w300/ts/product/0e/0b/e2/5a79e9acd3d8bc492e61e85b5e7056a5.png, https://salt.tikicdn.com/cache/w300/ts/product/b5/ae/56/dc4075efed7b005f58f0f5f11a0c04b0.jpg, https://salt.tikicdn.com/cache/w300/ts/product/a2/7e/f9/ea2d88dd0401934a89593ea7a10533ae.png, https://salt.tikicdn.com/cache/w300/ts/product/d5/e7/fa/c702b88e1930461ccb8a3970e07da25c.png, https://salt.tikicdn.com/cache/w300/ts/product/7a/29/d5/7c79f9980c1cd20c612f333656cd547b.png, https://salt.tikicdn.com/cache/w300/ts/product/59/32/9b/2e977c8ccb61fffdce75d8a0c4203b39.png","https://salt.tikicdn.com/cache/200x280/ts/product/99/05/d7/e691c72d858e6efb5681160e071b6ac1.jpg, https://salt.tikicdn.com/cache/200x280/ts/product/9b/e9/1e/1e130bcd082b2cdf058e400d87282911.png, https://salt.tikicdn.com/cache/200x280/ts/product/aa/b1/26/ea317a7148bf5777ddf783fa852772e9.png, https://salt.tikicdn.com/cache/200x280/ts/product/ff/b1/ba/dd473154999c9654c1f99e6666afe36e.png, https://salt.tikicdn.com/cache/200x280/ts/product/45/3f/ee/2db98aee5ed117902ef51ec42c5f12d0.png, https://salt.tikicdn.com/cache/200x280/ts/product/d7/93/a7/80c997e86dba7e098258974726acb61d.png, https://salt.tikicdn.com/cache/200x280/ts/product/0e/0b/e2/5a79e9acd3d8bc492e61e85b5e7056a5.png, https://salt.tikicdn.com/cache/200x280/ts/product/b5/ae/56/dc4075efed7b005f58f0f5f11a0c04b0.jpg, https://salt.tikicdn.com/cache/200x280/ts/product/a2/7e/f9/ea2d88dd0401934a89593ea7a10533ae.png, https://salt.tikicdn.com/cache/200x280/ts/product/d5/e7/fa/c702b88e1930461ccb8a3970e07da25c.png, https://salt.tikicdn.com/cache/200x280/ts/product/7a/29/d5/7c79f9980c1cd20c612f333656cd547b.png, https://salt.tikicdn.com/cache/200x280/ts/product/59/32/9b/2e977c8ccb61fffdce75d8a0c4203b39.png","https://salt.tikicdn.com/cache/200x280/ts/product/99/05/d7/e691c72d858e6efb5681160e071b6ac1.jpg, https://salt.tikicdn.com/cache/200x280/ts/product/9b/e9/1e/1e130bcd082b2cdf058e400d87282911.png, https://salt.tikicdn.com/cache/200x280/ts/product/aa/b1/26/ea317a7148bf5777ddf783fa852772e9.png, https://salt.tikicdn.com/cache/200x280/ts/product/ff/b1/ba/dd473154999c9654c1f99e6666afe36e.png, https://salt.tikicdn.com/cache/200x280/ts/product/45/3f/ee/2db98aee5ed117902ef51ec42c5f12d0.png, https://salt.tikicdn.com/cache/200x280/ts/product/d7/93/a7/80c997e86dba7e098258974726acb61d.png, https://salt.tikicdn.com/cache/200x280/ts/product/0e/0b/e2/5a79e9acd3d8bc492e61e85b5e7056a5.png, https://salt.tikicdn.com/cache/200x280/ts/product/b5/ae/56/dc4075efed7b005f58f0f5f11a0c04b0.jpg, https://salt.tikicdn.com/cache/200x280/ts/product/a2/7e/f9/ea2d88dd0401934a89593ea7a10533ae.png, https://salt.tikicdn.com/cache/200x280/ts/product/d5/e7/fa/c702b88e1930461ccb8a3970e07da25c.png, https://salt.tikicdn.com/cache/200x280/ts/product/7a/29/d5/7c79f9980c1cd20c612f333656cd547b.png, https://salt.tikicdn.com/cache/200x280/ts/product/59/32/9b/2e977c8ccb61fffdce75d8a0c4203b39.png",1000,1
526084,Misbehaving : The Making Of Behavioural Economics (Paperback),333900,"Misbehaving: The Making Of Behavioural Economics From the renowned and entertaining behavioural economist and co-author of the seminal work Nudge, Misbehaving is an irreverent and enlightening look i...","Misbehaving: The Making Of Behavioural Economics From the renowned and entertaining behavioural economist and co-author of the seminal work Nudge, Misbehaving is an irreverent and enlightening look into human foibles. Traditional economics assumes that rational forces shape everything. Behavioural economics knows better. Richard Thaler has spent his career studying the notion that humans are central to the economy - and that we're error-prone individuals, not Spock-like automatons. Now behavioural economics is hugely influential, changing the way we think not just about money, but about ourselves, our world and all kinds of everyday decisions. Whether buying an alarm clock, selling football tickets, or applying for a mortgage, we all succumb to biases and make decisions that deviate from the standards of rationality assumed by economists. In other words, we misbehave. Dismissed at first by economists as an amusing sideshow, the study of human miscalculations and their effects on markets now drives efforts to make better decisions in our lives, our businesses, and our governments. Coupling recent discoveries in human psychology with a practical understanding of incentives and market behaviour, Thaler enlightens readers about how to make smarter decisions in an increasingly mystifying world. He reveals how behavioural economic analysis opens up new ways to look at everything from household finance to assigning faculty offices in a new building, to TV quiz shows, sports transfer seasons, and businesses like Uber. When economics meets psychology, the implications for individuals, managers and policy makers are both profound and entertaining. Giá sản phẩm trên Tiki đã bao gồm thuế theo luật hiện hành. Bên cạnh đó, tuỳ vào loại sản phẩm, hình thức và địa chỉ giao hàng mà có thể phát sinh thêm chi phí khác như phí vận chuyển, phụ phí hàng cồng kềnh, thuế nhập khẩu (đối với đơn hàng giao từ nước ngoài có giá trị trên 1 triệu đồng).....",5,7,"https://salt.tikicdn.com/ts/product/fe/6e/ec/7c662e3942158ac77de49e2ad22f0dd2.jpg, https://salt.tikicdn.com/ts/product/94/8f/8e/7cb89893c6560622c53896ee51c58d56.png, https://salt.tikicdn.com/ts/product/84/09/90/2663740badf357ecf374193ed80e3233.png, https://salt.tikicdn.com/ts/product/47/c9/a1/c172d69bca58c752e810fa142b6b3d09.png, https://salt.tikicdn.com/ts/product/3e/57/d3/61672ea4360b538395ae35353badcd0a.png, https://salt.tikicdn.com/ts/product/c8/57/fc/b279156eac20ef8a6e0f9563866a76a5.png, https://salt.tikicdn.com/ts/product/11/d3/b5/397914c43c39495f8ce21db08ab7a9e1.png, https://salt.tikicdn.com/ts/product/1c/ed/12/50d7a190d8f6a6c5f42ddc756be7a6d0.png, https://salt.tikicdn.com/ts/product/17/bf/2d/44fbb578adab96204df4cfbef558703c.png, https://salt.tikicdn.com/ts/product/48/39/5e/659de38f6164983347fbd5766087732e.png","https://salt.tikicdn.com/cache/w1200/ts/product/fe/6e/ec/7c662e3942158ac77de49e2ad22f0dd2.jpg, https://salt.tikicdn.com/cache/w1200/ts/product/94/8f/8e/7cb89893c6560622c53896ee51c58d56.png, https://salt.tikicdn.com/cache/w1200/ts/product/84/09/90/2663740badf357ecf374193ed80e3233.png, https://salt.tikicdn.com/cache/w1200/ts/product/47/c9/a1/c172d69bca58c752e810fa142b6b3d09.png, https://salt.tikicdn.com/cache/w1200/ts/product/3e/57/d3/61672ea4360b538395ae35353badcd0a.png, https://salt.tikicdn.com/cache/w1200/ts/product/c8/57/fc/b279156eac20ef8a6e0f9563866a76a5.png, https://salt.tikicdn.com/cache/w1200/ts/product/11/d3/b5/397914c43c39495f8ce21db08ab7a9e1.png, https://salt.tikicdn.com/cache/w1200/ts/product/1c/ed/12/50d7a190d8f6a6c5f42ddc756be7a6d0.png, https://salt.tikicdn.com/cache/w1200/ts/product/17/bf/2d/44fbb578adab96204df4cfbef558703c.png, https://salt.tikicdn.com/cache/w1200/ts/product/48/39/5e/659de38f6164983347fbd5766087732e.png","https://salt.tikicdn.com/cache/w300/ts/product/fe/6e/ec/7c662e3942158ac77de49e2ad22f0dd2.jpg, https://salt.tikicdn.com/cache/w300/ts/product/94/8f/8e/7cb89893c6560622c53896ee51c58d56.png, https://salt.tikicdn.com/cache/w300/ts/product/84/09/90/2663740badf357ecf374193ed80e3233.png, https://salt.tikicdn.com/cache/w300/ts/product/47/c9/a1/c172d69bca58c752e810fa142b6b3d09.png, https://salt.tikicdn.com/cache/w300/ts/product/3e/57/d3/61672ea4360b538395ae35353badcd0a.png, https://salt.tikicdn.com/cache/w300/ts/product/c8/57/fc/b279156eac20ef8a6e0f9563866a76a5.png, https://salt.tikicdn.com/cache/w300/ts/product/11/d3/b5/397914c43c39495f8ce21db08ab7a9e1.png, https://salt.tikicdn.com/cache/w300/ts/product/1c/ed/12/50d7a190d8f6a6c5f42ddc756be7a6d0.png, https://salt.tikicdn.com/cache/w300/ts/product/17/bf/2d/44fbb578adab96204df4cfbef558703c.png, https://salt.tikicdn.com/cache/w300/ts/product/48/39/5e/659de38f6164983347fbd5766087732e.png","https://salt.tikicdn.com/cache/200x280/ts/product/fe/6e/ec/7c662e3942158ac77de49e2ad22f0dd2.jpg, https://salt.tikicdn.com/cache/200x280/ts/product/94/8f/8e/7cb89893c6560622c53896ee51c58d56.png, https://salt.tikicdn.com/cache/200x280/ts/product/84/09/90/2663740badf357ecf374193ed80e3233.png, https://salt.tikicdn.com/cache/200x280/ts/product/47/c9/a1/c172d69bca58c752e810fa142b6b3d09.png, https://salt.tikicdn.com/cache/200x280/ts/product/3e/57/d3/61672ea4360b538395ae35353badcd0a.png, https://salt.tikicdn.com/cache/200x280/ts/product/c8/57/fc/b279156eac20ef8a6e0f9563866a76a5.png, https://salt.tikicdn.com/cache/200x280/ts/product/11/d3/b5/397914c43c39495f8ce21db08ab7a9e1.png, https://salt.tikicdn.com/cache/200x280/ts/product/1c/ed/12/50d7a190d8f6a6c5f42ddc756be7a6d0.png, https://salt.tikicdn.com/cache/200x280/ts/product/17/bf/2d/44fbb578adab96204df4cfbef558703c.png, https://salt.tikicdn.com/cache/200x280/ts/product/48/39/5e/659de38f6164983347fbd5766087732e.png","https://salt.tikicdn.com/cache/200x280/ts/product/fe/6e/ec/7c662e3942158ac77de49e2ad22f0dd2.jpg, https://salt.tikicdn.com/cache/200x280/ts/product/94/8f/8e/7cb89893c6560622c53896ee51c58d56.png, https://salt.tikicdn.com/cache/200x280/ts/product/84/09/90/2663740badf357ecf374193ed80e3233.png, https://salt.tikicdn.com/cache/200x280/ts/product/47/c9/a1/c172d69bca58c752e810fa142b6b3d09.png, https://salt.tikicdn.com/cache/200x280/ts/product/3e/57/d3/61672ea4360b538395ae35353badcd0a.png, https://salt.tikicdn.com/cache/200x280/ts/product/c8/57/fc/b279156eac20ef8a6e0f9563866a76a5.png, https://salt.tikicdn.com/cache/200x280/ts/product/11/d3/b5/397914c43c39495f8ce21db08ab7a9e1.png, https://salt.tikicdn.com/cache/200x280/ts/product/1c/ed/12/50d7a190d8f6a6c5f42ddc756be7a6d0.png, https://salt.tikicdn.com/cache/200x280/ts/product/17/bf/2d/44fbb578adab96204df4cfbef558703c.png, https://salt.tikicdn.com/cache/200x280/ts/product/48/39/5e/659de38f6164983347fbd5766087732e.png",1000,7
520370,Warren Buffett's Ground Rules,362700,"Warren Buffett's Ground Rules Using the letters Warren Buffett wrote to his partners between 1956 and 1970, a veteran financial advisor presents the renowned guru’s “ground rules” for investing—guide...","Warren Buffett's Ground Rules Using the letters Warren Buffett wrote to his partners between 1956 and 1970, a veteran financial advisor presents the renowned guru’s “ground rules” for investing—guidelines that remain startlingly relevant today. In the fourteen years between his time in New York with value-investing guru Benjamin Graham and his start as chairman of Berkshire Hathaway, Warren Buffett managed Buffett Partnership Limited, his first professional investing partnership. Over the course of that time—a period in which he experienced an unprecedented record of success—Buffett wrote semiannual letters to his small but growing group of partners, sharing his thoughts, approaches, and reflections. Compiled for the first time and with Buffett’s permission, the letters spotlight his contrarian diversification strategy, his almost religious celebration of compounding interest, his preference for conservative rather than conventional decision making, and his goal and tactics for bettering market results by at least 10% annually. Demonstrating Buffett’s intellectual rigor, they provide a framework to the craft of investing that had not existed before: Buffett built upon the quantitative contributions made by his famous teacher, Benjamin Graham, demonstrating how they could be applied and improved. Jeremy Miller reveals how these letters offer us a rare look into Buffett’s mind and offer accessible lessons in control and discipline—effective in bull and bear markets alike, and in all types of investing climates—that are the bedrock of his success. Warren Buffett’s Ground Rules paints a portrait of the sage as a young investor during a time when he developed the long-term value-oriented strategy that helped him build the foundation of his wealth—rules for success every investor needs today. Giá sản phẩm trên Tiki đã bao gồm thuế theo luật hiện hành. Bên cạnh đó, tuỳ vào loại sản phẩm, hình thức và địa chỉ giao hàng mà có thể phát sinh thêm chi phí khác như phí vận chuyển, phụ phí hàng cồng kềnh, thuế nhập khẩu (đối với đơn hàng giao từ nước ngoài có giá trị trên 1 triệu đồng).....",5,2,"https://salt.tikicdn.com/ts/product/85/44/2e/0e6f161be1a346205a48438e28902eba.jpg, https://salt.tikicdn.com/ts/product/b6/65/af/5b861cf49dad9e5dfccf7220f8ff0c93.png, https://salt.tikicdn.com/ts/product/a9/cf/be/ea354e58a9de41436da5f8b3e20d958e.png, https://salt.tikicdn.com/ts/product/96/99/ef/fcc48a0ddffa9d9ea6ebfa03d222d273.png, https://salt.tikicdn.com/ts/product/bf/b9/d2/b8d8ef90eac0c9b6868c9f61f30bb8f1.png, https://salt.tikicdn.com/ts/product/dc/9d/f5/776ed2046b56709aadc6a208e31d1f10.png, https://salt.tikicdn.com/ts/product/0b/37/2a/f62a21e85fbe94550077086797dc7053.png, https://salt.tikicdn.com/ts/product/b9/cd/5e/068320d1647ba0261bd555cbc05df39f.png, https://salt.tikicdn.com/ts/product/69/64/b6/ac0ba4ef0b69edf7681e9928ce1a8ad8.png, https://salt.tikicdn.com/ts/product/ab/5d/73/c774aec7a804d8d8ed3b4b8e6cd63583.png, https://salt.tikicdn.com/ts/product/6f/4c/85/ec71d802240d2215ae653a780f003a2c.png, https://salt.tikicdn.com/ts/product/49/c3/37/bd7d48c7e685de2c0d5d4d68fcf03bf3.jpg, https://salt.tikicdn.com/ts/product/c2/75/65/6c7f540719c790ac4f56ecaffb15b7a7.png, https://salt.tikicdn.com/ts/product/6f/91/ed/b6f3d2914114abcaec351b3f54b3ac01.png","https://salt.tikicdn.com/cache/w1200/ts/product/85/44/2e/0e6f161be1a346205a48438e28902eba.jpg, https://salt.tikicdn.com/cache/w1200/ts/product/b6/65/af/5b861cf49dad9e5dfccf7220f8ff0c93.png, https://salt.tikicdn.com/cache/w1200/ts/product/a9/cf/be/ea354e58a9de41436da5f8b3e20d958e.png, https://salt.tikicdn.com/cache/w1200/ts/product/96/99/ef/fcc48a0ddffa9d9ea6ebfa03d222d273.png, https://salt.tikicdn.com/cache/w1200/ts/product/bf/b9/d2/b8d8ef90eac0c9b6868c9f61f30bb8f1.png, https://salt.tikicdn.com/cache/w1200/ts/product/dc/9d/f5/776ed2046b56709aadc6a208e31d1f10.png, https://salt.tikicdn.com/cache/w1200/ts/product/0b/37/2a/f62a21e85fbe94550077086797dc7053.png, https://salt.tikicdn.com/cache/w1200/ts/product/b9/cd/5e/068320d1647ba0261bd555cbc05df39f.png, https://salt.tikicdn.com/cache/w1200/ts/product/69/64/b6/ac0ba4ef0b69edf7681e9928ce1a8ad8.png, https://salt.tikicdn.com/cache/w1200/ts/product/ab/5d/73/c774aec7a804d8d8ed3b4b8e6cd63583.png, https://salt.tikicdn.com/cache/w1200/ts/product/6f/4c/85/ec71d802240d2215ae653a780f003a2c.png, https://salt.tikicdn.com/cache/w1200/ts/product/49/c3/37/bd7d48c7e685de2c0d5d4d68fcf03bf3.jpg, https://salt.tikicdn.com/cache/w1200/ts/product/c2/75/65/6c7f540719c790ac4f56ecaffb15b7a7.png, https://salt.tikicdn.com/cache/w1200/ts/product/6f/91/ed/b6f3d2914114abcaec351b3f54b3ac01.png","https://salt.tikicdn.com/cache/w300/ts/product/85/44/2e/0e6f161be1a346205a48438e28902eba.jpg, https://salt.tikicdn.com/cache/w300/ts/product/b6/65/af/5b861cf49dad9e5dfccf7220f8ff0c93.png, https://salt.tikicdn.com/cache/w300/ts/product/a9/cf/be/ea354e58a9de41436da5f8b3e20d958e.png, https://salt.tikicdn.com/cache/w300/ts/product/96/99/ef/fcc48a0ddffa9d9ea6ebfa03d222d273.png, https://salt.tikicdn.com/cache/w300/ts/product/bf/b9/d2/b8d8ef90eac0c9b6868c9f61f30bb8f1.png, https://salt.tikicdn.com/cache/w300/ts/product/dc/9d/f5/776ed2046b56709aadc6a208e31d1f10.png, https://salt.tikicdn.com/cache/w300/ts/product/0b/37/2a/f62a21e85fbe94550077086797dc7053.png, https://salt.tikicdn.com/cache/w300/ts/product/b9/cd/5e/068320d1647ba0261bd555cbc05df39f.png, https://salt.tikicdn.com/cache/w300/ts/product/69/64/b6/ac0ba4ef0b69edf7681e9928ce1a8ad8.png, https://salt.tikicdn.com/cache/w300/ts/product/ab/5d/73/c774aec7a804d8d8ed3b4b8e6cd63583.png, https://salt.tikicdn.com/cache/w300/ts/product/6f/4c/85/ec71d802240d2215ae653a780f003a2c.png, https://salt.tikicdn.com/cache/w300/ts/product/49/c3/37/bd7d48c7e685de2c0d5d4d68fcf03bf3.jpg, https://salt.tikicdn.com/cache/w300/ts/product/c2/75/65/6c7f540719c790ac4f56ecaffb15b7a7.png, https://salt.tikicdn.com/cache/w300/ts/product/6f/91/ed/b6f3d2914114abcaec351b3f54b3ac01.png","https://salt.tikicdn.com/cache/200x280/ts/product/85/44/2e/0e6f161be1a346205a48438e28902eba.jpg, https://salt.tikicdn.com/cache/200x280/ts/product/b6/65/af/5b861cf49dad9e5dfccf7220f8ff0c93.png, https://salt.tikicdn.com/cache/200x280/ts/product/a9/cf/be/ea354e58a9de41436da5f8b3e20d958e.png, https://salt.tikicdn.com/cache/200x280/ts/product/96/99/ef/fcc48a0ddffa9d9ea6ebfa03d222d273.png, https://salt.tikicdn.com/cache/200x280/ts/product/bf/b9/d2/b8d8ef90eac0c9b6868c9f61f30bb8f1.png, https://salt.tikicdn.com/cache/200x280/ts/product/dc/9d/f5/776ed2046b56709aadc6a208e31d1f10.png, https://salt.tikicdn.com/cache/200x280/ts/product/0b/37/2a/f62a21e85fbe94550077086797dc7053.png, https://salt.tikicdn.com/cache/200x280/ts/product/b9/cd/5e/068320d1647ba0261bd555cbc05df39f.png, https://salt.tikicdn.com/cache/200x280/ts/product/69/64/b6/ac0ba4ef0b69edf7681e9928ce1a8ad8.png, https://salt.tikicdn.com/cache/200x280/ts/product/ab/5d/73/c774aec7a804d8d8ed3b4b8e6cd63583.png, https://salt.tikicdn.com/cache/200x280/ts/product/6f/4c/85/ec71d802240d2215ae653a780f003a2c.png, https://salt.tikicdn.com/cache/200x280/ts/product/49/c3/37/bd7d48c7e685de2c0d5d4d68fcf03bf3.jpg, https://salt.tikicdn.com/cache/200x280/ts/product/c2/75/65/6c7f540719c790ac4f56ecaffb15b7a7.png, https://salt.tikicdn.com/cache/200x280/ts/product/6f/91/ed/b6f3d2914114abcaec351b3f54b3ac01.png","https://salt.tikicdn.com/cache/200x280/ts/product/85/44/2e/0e6f161be1a346205a48438e28902eba.jpg, https://salt.tikicdn.com/cache/200x280/ts/product/b6/65/af/5b861cf49dad9e5dfccf7220f8ff0c93.png, https://salt.tikicdn.com/cache/200x280/ts/product/a9/cf/be/ea354e58a9de41436da5f8b3e20d958e.png, https://salt.tikicdn.com/cache/200x280/ts/product/96/99/ef/fcc48a0ddffa9d9ea6ebfa03d222d273.png, https://salt.tikicdn.com/cache/200x280/ts/product/bf/b9/d2/b8d8ef90eac0c9b6868c9f61f30bb8f1.png, https://salt.tikicdn.com/cache/200x280/ts/product/dc/9d/f5/776ed2046b56709aadc6a208e31d1f10.png, https://salt.tikicdn.com/cache/200x280/ts/product/0b/37/2a/f62a21e85fbe94550077086797dc7053.png, https://salt.tikicdn.com/cache/200x280/ts/product/b9/cd/5e/068320d1647ba0261bd555cbc05df39f.png, https://salt.tikicdn.com/cache/200x280/ts/product/69/64/b6/ac0ba4ef0b69edf7681e9928ce1a8ad8.png, https://salt.tikicdn.com/cache/200x280/ts/product/ab/5d/73/c774aec7a804d8d8ed3b4b8e6cd63583.png, https://salt.tikicdn.com/cache/200x280/ts/product/6f/4c/85/ec71d802240d2215ae653a780f003a2c.png, https://salt.tikicdn.com/cache/200x280/ts/product/49/c3/37/bd7d48c7e685de2c0d5d4d68fcf03bf3.jpg, https://salt.tikicdn.com/cache/200x280/ts/product/c2/75/65/6c7f540719c790ac4f56ecaffb15b7a7.png, https://salt.tikicdn.com/cache/200x280/ts/product/6f/91/ed/b6f3d2914114abcaec351b3f54b3ac01.png",1000,2
